name,S_down,maxvalue,range1,range2,dmq,V_sum,S_ret,curvature,alt_stderr_mean_5,alt_rvalue_min_50,V1,V2,stability,std,level_shift_size,var,dnp,fft_abs_1,F1,asoc,F2,erbc_num10_focus4,erbc_num10_focus2,maxindex,minang,fft_imag_3,fft_imag_6,fft_abs_22,lumpiness,minindex,alt_stderr_max_10,retvalue,sumang,mac,S,retang,S_low,retindex,S_sum,alt_stderr_min_5,minvalue,alt_stderr_mean_10,swd_coeff_2,std1st_der,cv,fft_angle_2,maxang,fft_real_2,fft_real_5,alt_stderr_min_50,alt_stderr_max_5,fft_angle_3
20221215-044050-19,0.486247998,0.509060785,0.679904269,0.595736414,0.092598614,0.590827455,0.525738658,0.297409791,0.696715758,0.428598524,0.554322516,0.59819416,0.522948905,0.694225909,0.726455229,0.522690271,0.489513544,0.656553266,0.64,0.618543348,0.545454545,0.271372988,0.678488616,0.6,0.381448983,0.616336933,0.652193141,0.22003828,0.306078454,0.541666667,0.648118144,0.438020141,0.401783047,0.618543346,0.56643946,0.476661213,0.515310313,0.904761905,0.546443905,0.601914738,0.365934578,0.694233342,0.489191885,0.641659924,0.708330775,0.371056176,0.426940144,0.416623318,0.746850247,0.625469509,0.700606346,0.432495647
20221215-043739-17,0.351490814,0.687598419,0.5733785,0.449884975,0.555102303,0.593008755,0.507964849,0.391910426,0.549741898,0.485988204,0.664594414,0.447314466,0.347302803,0.54563078,0.613276402,0.34529403,0.531117893,0.460020701,0.44,0.433532934,0.636363636,0.580422319,0.554034415,0.6,0.394405403,0.458327068,0.415982549,0.383283598,0.0875874,0.333333333,0.508314088,0.624352693,0.412144751,0.433532933,0.499452826,0.620797102,0.424390978,0.761904762,0.468399301,0.482574406,0.588714321,0.538857576,0.298054373,0.548153496,0.433064815,0.511260893,0.349469749,0.612517765,0.54701508,0.482822229,0.542793807,0.61590458
20221215-043557-16-2,0.258195571,0.368016054,0.363877822,0.222728899,0.288931309,0.331481082,0.397446683,0.691896361,0.342484985,0.42862315,0.411470283,0.229660969,0.136412454,0.32783065,0.375194174,0.149764602,0.090420051,0.291045465,0.4,0.276093465,0.909090909,0.605474064,0.580935201,0.6,0.669326673,0.423780806,0.705335863,0.120476534,0.033219103,0.291666667,0.320428458,0.322397367,0.646630954,0.276093465,0.277988787,0.910806262,0.297382482,1.0,0.286784658,0.294427045,0.383071481,0.339261161,0.125028434,0.312299519,0.377315595,0.30964464,0.479925827,0.568476315,0.238172831,0.375056341,0.349431838,0.565258577
20221215-043440-16-1,0.20492142,0.421577344,0.315706869,0.181156383,0.174485467,0.266510025,0.238585629,0.710430104,0.318601649,0.452463909,0.238694266,0.330729658,0.129380613,0.291066138,0.346163754,0.12432212,0.069276307,0.267145311,0.52,0.249144103,0.318181818,0.668504519,0.515950616,0.8,0.733350035,0.253708765,0.367620314,0.290222821,0.019401839,0.458333333,0.282879697,0.387465936,0.7438312,0.249144102,0.266968328,0.74480693,0.162399191,0.571428571,0.222981931,0.277535459,0.457730114,0.315875521,0.099900361,0.261206215,0.302194127,0.485048933,0.78729048,0.662977065,0.390434489,0.313289819,0.313631344,0.698560141
20221215-043311-15-3,0.311670129,0.633144441,0.487923529,0.301620572,0.140396668,0.368127386,0.459328225,0.471914786,0.495622352,0.478518217,0.415371568,0.304724602,0.288325815,0.465854986,0.521306408,0.264777806,0.230974443,0.451648753,0.56,0.363219214,0.772727273,0.564222319,0.515879725,0.4,0.625770419,0.282886785,0.157498838,0.155744888,0.056849589,0.416666667,0.487826995,0.559280452,0.629945864,0.363219215,0.358500784,0.795175634,0.369225199,1.0,0.363822611,0.422716313,0.577688437,0.491523613,0.225515292,0.423931654,0.391278635,0.474355072,0.565778217,0.595418469,0.595132345,0.415513413,0.507739614,0.699312608
20221215-043131-15-2,0.662984724,0.592355733,0.597005916,0.454997188,0.139621135,0.415260865,0.639243447,0.357208271,0.6059616,0.515711312,0.433503181,0.382755983,0.410068269,0.551313872,0.627530112,0.351422328,0.261144627,0.574819488,0.68,0.445915777,0.863636364,0.486429426,0.429216055,0.2,0.571661771,0.257133787,0.264916923,0.563790289,0.084398115,0.333333333,0.562687652,0.516009138,0.606213377,0.445915779,0.493138027,0.745728702,0.693385322,1.0,0.581118604,0.528225898,0.485892901,0.605318458,0.313423179,0.469468165,0.49626666,0.535050764,0.604339492,0.64222771,0.605693003,0.507328514,0.606800495,0.740560832
20221215-043044-15-1,0.475330014,0.634037129,0.515016583,0.305178672,0.534251228,0.384914781,0.290616115,0.432093814,0.492244255,0.455823576,0.350835059,0.432742628,0.263868272,0.446766,0.534709266,0.247036674,0.119544646,0.453443205,0.68,0.44195522,0.363636364,0.569658418,0.398211324,0.2,0.600244275,0.234461778,0.167228351,0.688811735,0.136224374,0.416666667,0.433761323,0.547465495,0.621812791,0.44195522,0.409304825,0.678457389,0.355515825,0.571428571,0.388643714,0.418891086,0.565469825,0.49252059,0.222691104,0.411903004,0.374984725,0.514701068,0.651734669,0.641044498,0.511264838,0.463440896,0.494260402,0.752527019
20221215-042932-14,0.433758885,0.687598419,0.583569465,0.436767036,0.182382913,0.533972473,0.467389427,0.343902776,0.568923304,0.494706458,0.527882322,0.510518483,0.351467368,0.569712434,0.640589507,0.371620244,0.274505772,0.517172506,0.56,0.521329081,0.454545455,0.550012599,0.500103168,0.4,0.443369418,0.602406387,0.51108922,0.242748926,0.125031201,0.416666667,0.528163188,0.614370395,0.467814339,0.521329081,0.552972084,0.616424241,0.446351767,0.666666667,0.509126713,0.494468825,0.58379603,0.562129091,0.320200687,0.519486624,0.447721704,0.401735699,0.450506876,0.532653787,0.455402914,0.581389914,0.570990259,0.595534484
20221215-042758-13-2,0.277670203,0.759013472,0.406026518,0.265180717,0.429180689,0.376229831,0.329075519,0.619140289,0.344745044,0.607312373,0.387363968,0.362078315,0.139949396,0.345059554,0.400305994,0.162439391,0.149451455,0.258294873,0.48,0.309434392,0.454545455,0.729568372,0.506754018,0.6,0.613394132,0.393275703,0.617882965,0.11586844,0.028330371,0.375,0.32136855,0.718005597,0.595850955,0.309434393,0.346342032,0.730899138,0.264248681,0.619047619,0.312208526,0.299295258,0.738028159,0.33722337,0.140997281,0.353568478,0.238305068,0.42052763,0.519446391,0.604230738,0.335776364,0.309358463,0.342271358,0.601551731
20221215-001332-3,0.366132895,0.669744655,0.521656689,0.413434896,0.231747346,0.500960006,0.479460025,0.427632882,0.516780703,0.485840416,0.540385025,0.420286058,0.300239636,0.504014172,0.535216655,0.30200789,0.217306026,0.497308691,0.48,0.482693309,0.636363636,0.560729126,0.497843512,0.6,0.483316603,0.501162043,0.638919138,0.276955118,0.095188832,0.375,0.475754342,0.619644339,0.504437342,0.482693308,0.483686727,0.732789038,0.414416789,0.80952381,0.455263773,0.446635282,0.596539031,0.512026215,0.279564924,0.466494402,0.398126534,0.356713181,0.430950443,0.533224697,0.330241298,0.554521477,0.520032276,0.499781228
20221215-001251-2-3,0.5788819,0.526914548,0.725603824,0.708654977,0.282135679,0.699781469,0.637619482,0.231326817,0.7821707,0.431749338,0.694960957,0.639197207,0.635762585,0.769287845,0.790604729,0.625867024,0.377337752,0.753186125,0.56,0.649280786,0.636363636,0.213799738,0.624785989,0.6,0.277162331,0.644376939,0.564346243,0.177121037,0.588066029,0.458333333,0.703481655,0.473310759,0.313670079,0.649280786,0.69286943,0.431889605,0.642818352,0.904761905,0.673699354,0.686711746,0.361016287,0.780313441,0.625032922,0.64988633,0.755094256,0.356209245,0.339273797,0.361861029,0.530325796,0.755897034,0.77193664,0.437952663
20221215-001125-2-2,0.59507471,0.583153903,0.713630327,0.745105056,0.175792851,0.65591992,0.678204259,0.230601389,0.781175501,0.412217372,0.590028055,0.690900638,0.641649246,0.767892774,0.775500168,0.623866375,0.341153085,0.727620757,0.64,0.66356743,0.590909091,0.284139315,0.556085856,0.4,0.312596049,0.551239803,0.586707354,0.325682525,0.402347026,0.5,0.698648295,0.550440352,0.349753734,0.663567428,0.694469152,0.336886744,0.678823307,0.904761905,0.689966051,0.684869608,0.420776096,0.778209307,0.623997846,0.638377868,0.699160187,0.420782503,0.456822123,0.417650261,0.720366975,0.748835618,0.775549979,0.527613573
20221215-001039-2-1,0.639701685,0.634037129,0.770216815,0.524778897,0.231924666,0.626448724,0.50576152,0.235867869,0.802683709,0.363539118,0.649935771,0.54153044,0.714332373,0.800376107,0.826246809,0.671266222,0.455373832,0.810692523,0.64,0.584528769,0.545454545,0.245118071,0.758160035,0.6,0.353378218,0.565533292,0.383423153,0.577730305,0.782379383,0.541666667,0.753063543,0.494369808,0.40219033,0.584528768,0.644560051,0.590591908,0.592610989,0.904761905,0.625294376,0.69879642,0.442306901,0.80766298,0.588848912,0.622098958,0.720676275,0.331449422,0.398905286,0.308103218,0.578769284,0.693512846,0.807375904,0.454687476
20221211-014634-H2,0.519795973,0.739374333,0.686544375,0.711211083,0.073179345,0.693570936,0.626629656,0.280447572,0.675390403,0.44854417,0.649014332,0.690407424,0.480435904,0.693187298,0.726455229,0.521326514,0.436872526,0.606388961,0.56,0.615868263,0.545454545,0.468677465,0.510227187,0.4,0.277790818,0.719694669,0.521044811,0.119803275,0.343211383,0.416666667,0.602409796,0.712952013,0.29742972,0.615868262,0.668830635,0.372916252,0.600868506,0.761904762,0.64166072,0.594601483,0.58379603,0.668519908,0.498021135,0.647071818,0.527887798,0.443265402,0.325185109,0.516839901,0.650309704,0.705298566,0.666782294,0.510262492
20221211-014525-H1,0.457554687,0.743837774,0.607104559,0.495884668,0.341637466,0.504498183,0.617708451,0.341188889,0.598193377,0.452407928,0.514347632,0.464823258,0.401119904,0.610095582,0.657411383,0.417871013,0.330555982,0.493562525,0.6,0.481655168,0.681818182,0.51189351,0.55331667,0.4,0.47592841,0.36342452,0.22685263,0.501532377,0.178256848,0.458333333,0.54572382,0.681278968,0.480828602,0.481655167,0.540208997,0.545395286,0.558410573,0.952380952,0.549332903,0.523467325,0.626418936,0.590103632,0.410661217,0.516352699,0.459085536,0.423759008,0.486359516,0.453105435,0.558728001,0.491486236,0.596079016,0.634566638
20221211-013649-E2,0.342142907,0.510846161,0.457741228,0.477664741,0.18562584,0.503781329,0.436509773,0.453568693,0.450482988,0.537380506,0.455801466,0.545899289,0.259056543,0.485994906,0.459350387,0.284134102,0.162311819,0.447890177,0.48,0.414781307,0.454545455,0.590488211,0.378709197,0.4,0.47080956,0.60545287,0.714001232,0.020572546,0.129777392,0.333333333,0.394058465,0.512336475,0.482613588,0.414781307,0.50975479,0.547681133,0.372279004,0.571428571,0.452224001,0.398008739,0.474867018,0.440586931,0.260845294,0.427448584,0.442333215,0.417206915,0.498062734,0.611158427,0.389564096,0.550356409,0.444900158,0.561899446
20221211-013600-E1,0.41086422,0.542982935,0.537408299,0.510566944,0.342221151,0.438079777,0.679985382,0.375910512,0.550640947,0.404026819,0.403463039,0.475335017,0.336618113,0.538907675,0.565933165,0.338111646,0.217182607,0.518818892,0.64,0.43811182,0.681818182,0.504821334,0.461292534,0.4,0.542197009,0.488748191,0.523754312,0.402081446,0.082231498,0.5,0.499300058,0.516009138,0.555124235,0.438111821,0.520059231,0.604729458,0.571548401,1.0,0.542900942,0.48991245,0.467265087,0.545088503,0.313575741,0.468242514,0.492564141,0.427399047,0.579117508,0.560273573,0.429014895,0.6035257,0.547441424,0.573926969
20221211-011746-A2,0.563287544,0.705452182,0.708304039,0.554572875,0.259023072,0.67454129,0.412142817,0.287820025,0.711923605,0.4480857,0.674610778,0.612432892,0.541929488,0.707131473,0.761582115,0.539781468,0.414274338,0.674990291,0.56,0.604146056,0.454545455,0.361690674,0.663131774,0.6,0.302461312,0.615918254,0.434979912,0.628815183,0.639586358,0.458333333,0.640222559,0.610543481,0.336374952,0.604146053,0.618967957,0.46938005,0.486562975,0.714285714,0.565141391,0.622981837,0.540734419,0.712708222,0.510589518,0.615111297,0.57277869,0.368026637,0.347999038,0.395614298,0.445968859,0.60405155,0.710463963,0.424407547
20221211-011606-A1,0.574356869,0.759906161,0.681679698,0.399867082,0.57147122,0.481455815,0.362234586,0.329513896,0.693710739,0.376204603,0.453966371,0.49940468,0.559694576,0.69363633,0.716455775,0.521915906,0.329113333,0.707298329,0.76,0.497676386,0.409090909,0.378736727,0.730614237,0.6,0.496309111,0.433832521,0.500866329,0.486068473,0.601588421,0.666666667,0.658844092,0.624749341,0.532403842,0.497676384,0.512260686,0.637105007,0.46052448,0.904761905,0.492975752,0.59941965,0.605851224,0.700322275,0.470973243,0.541162405,0.538714805,0.300475359,0.557418996,0.320110398,0.500418872,0.556875282,0.698713899,0.368192009
20221209-014840-11,0.470773194,0.775974548,0.696330542,0.496457236,0.597029907,0.561162692,0.441402871,0.280899897,0.735451452,0.399352907,0.533650115,0.562156768,0.595217535,0.714733465,0.741575402,0.549974975,0.616868244,0.703480676,0.68,0.573151523,0.454545455,0.411075499,0.564238987,0.4,0.412853925,0.459860069,0.232089244,0.742105244,0.207656771,0.541666667,0.706330199,0.668395267,0.441219719,0.573151521,0.549301296,0.554510222,0.451189772,0.80952381,0.509388292,0.63162855,0.614203751,0.731834243,0.483859983,0.636010614,0.544574184,0.435559679,0.452847458,0.470600506,0.821529495,0.614535165,0.745998224,0.596382304
20221209-012348-8,0.571609924,0.66198541,0.577241835,0.601145136,0.18440407,0.631075505,0.492647568,0.329198126,0.589498663,0.488037217,0.613944526,0.602513339,0.349522195,0.567111031,0.619380674,0.36873122,0.27079816,0.566806151,0.48,0.537991408,0.545454545,0.471512108,0.497989965,0.4,0.343088867,0.735796378,0.85610934,0.45902355,0.689836465,0.333333333,0.464526258,0.650344129,0.377250624,0.537991408,0.612637958,0.499295337,0.543974258,0.666666667,0.585826185,0.525788778,0.562265224,0.588816071,0.350774343,0.539869146,0.448869141,0.385418921,0.394518447,0.539831415,0.315706373,0.65285545,0.582357073,0.44237521
20221209-011816-6-2,0.555353537,0.705452182,0.679904269,0.51545422,0.480544565,0.569444648,0.459709894,0.290446404,0.695915749,0.397868624,0.517087848,0.60374729,0.515621508,0.676648985,0.720358763,0.499845621,0.313338123,0.663114772,0.68,0.518832986,0.409090909,0.399941326,0.582975007,0.4,0.401774931,0.522363896,0.369955064,0.699798412,0.372694072,0.541666667,0.628034537,0.611178851,0.433234883,0.518832984,0.59474264,0.493246668,0.51291999,0.761904762,0.562293492,0.609170541,0.554440514,0.696440635,0.466251966,0.55928925,0.543455254,0.393185957,0.483066694,0.440726822,0.494188746,0.665918234,0.69078948,0.533880961
20221209-011722-6,0.481049188,0.70634487,0.610655418,0.477991923,0.386314746,0.501315734,0.392888481,0.33681249,0.649581133,0.415647081,0.416589723,0.595835275,0.456398149,0.625150188,0.637193908,0.435787451,0.281185554,0.623124322,0.72,0.500598802,0.363636364,0.435470438,0.544784178,0.4,0.47067706,0.499605214,0.463978685,0.421463128,0.210531732,0.583333333,0.597162801,0.634452516,0.511746606,0.500598802,0.523394148,0.506985705,0.425593462,0.761904762,0.483794246,0.563751265,0.588717748,0.650321211,0.42496996,0.527571178,0.493004025,0.389944205,0.613354254,0.468909876,0.603533087,0.602774486,0.655892201,0.474377045
20221209-011115-4-1,0.164716508,0.742945085,0.240045167,0.100679924,0.759923166,0.167392565,0.252868287,0.940542333,0.2590139,0.467261811,0.194064221,0.175814297,0.088654028,0.225799501,0.268104007,0.084536221,0.0238561,0.247017723,0.44,0.1740302,0.727272727,0.743746856,0.514513477,0.8,0.850149871,0.224515157,0.500128362,0.556026596,0.038833892,0.458333333,0.250233559,0.728226618,0.860195667,0.174030202,0.176367157,0.945828514,0.14804871,1.0,0.164548181,0.224020776,0.802709687,0.263745841,0.073102621,0.173913824,0.147818626,0.332667845,0.845646568,0.612726436,0.299708239,0.238084904,0.267385129,0.49267701
20221209-011023-3,0.327303184,0.134131754,0.466852732,0.436777261,0.165620417,0.45540035,0.620532927,0.458427026,0.43818733,0.578357716,0.467859322,0.422505375,0.216635148,0.439907626,0.513492627,0.240806366,0.172867779,0.343398721,0.48,0.37288792,0.681818182,0.441791058,0.563285885,0.6,0.5280373,0.406840297,0.501899039,0.272741611,0.068756665,0.375,0.377619789,0.105471533,0.53835805,0.372887918,0.480370644,0.641063732,0.483579546,0.857142857,0.482226611,0.392606031,0.108881029,0.430503026,0.221034638,0.414501351,0.727280658,0.507607719,0.525938562,0.64085488,0.357302883,0.416773784,0.429243541,0.628914366
20221022-095100-11004,0.187354101,0.47056093,0.24468969,0.189151884,0.558157226,0.245658098,0.255062261,0.822561609,0.2382189,0.777839008,0.200620387,0.338634742,0.075509377,0.215842201,0.25419376,0.079071622,0.018684046,0.215778201,0.44,0.234069904,0.318181818,0.778553705,0.371329765,0.6,0.756455386,0.242183512,0.664948812,0.232970426,0.006145609,0.333333333,0.217073148,0.477446177,0.77805881,0.234069902,0.274057299,0.771170046,0.162805579,0.428571429,0.227069006,0.210195553,0.539020729,0.236440913,0.067809747,0.200070303,0.200494555,0.526287931,0.841706835,0.729328193,0.356067214,0.208670684,0.234517694,0.671934828
20221022-095006-11003,0.206801782,0.456542155,0.220366307,0.157047186,0.438035356,0.149583669,0.195431445,0.767844924,0.201106371,0.619271614,0.08336126,0.292943418,0.050619028,0.168239871,0.222977667,0.055161411,0.009376808,0.145930076,0.6,0.188720385,0.363636364,0.776441506,0.384217673,0.0,0.867777842,0.175973028,0.401071746,0.228861999,0.006442211,0.375,0.172654605,0.464074012,0.872596229,0.188720385,0.173019189,0.774514033,0.135357135,0.523809524,0.15763669,0.174483575,0.537303611,0.199362967,0.056155044,0.152204667,0.165899135,0.568680469,0.964529259,0.741212903,0.50779976,0.196142096,0.208453477,0.720941082
20221021-143539-10004,0.241142397,0.544768312,0.45063951,0.390767343,0.460927485,0.599251965,0.429338509,0.450753669,0.438324251,0.670796414,0.671072889,0.451894966,0.224052385,0.436634408,0.478373547,0.237859696,0.31671299,0.365034288,0.32,0.349622494,0.5,0.708474176,0.381657804,0.6,0.388230406,0.345283052,0.423992174,0.254100241,0.033707784,0.208333333,0.399378859,0.519685473,0.40887899,0.349622495,0.483706552,0.632058755,0.308146666,0.476190476,0.40929438,0.391472112,0.510854515,0.423571913,0.189099805,0.456440482,0.383457753,0.608618997,0.341595335,0.747634954,0.525501237,0.39176669,0.420622502,0.749533541
20221021-143448-10003,0.306571522,0.580475839,0.502361321,0.389203006,0.426217312,0.558572143,0.471969456,0.412327877,0.469477818,0.62731643,0.620915285,0.433265176,0.251809169,0.467587541,0.517395615,0.266417178,0.313814203,0.391679429,0.4,0.423128743,0.545454545,0.675236255,0.42049634,0.4,0.427488066,0.355752208,0.471528825,0.246544068,0.044578784,0.25,0.453372226,0.529102181,0.438321271,0.423128741,0.491026321,0.677856243,0.374469591,0.571428571,0.442082784,0.415216117,0.520166708,0.45763151,0.207499691,0.480954981,0.404441552,0.567463757,0.345044895,0.705134636,0.615119793,0.420413001,0.46309717,0.746680779
20221021-114317-9004,0.411813039,0.314454764,0.450064271,0.49505649,0.216977042,0.440317368,0.606494737,0.417012235,0.512591291,0.492613978,0.445642041,0.420708732,0.324261594,0.516434337,0.468054049,0.314633286,0.142355739,0.542778715,0.48,0.48655949,0.818181818,0.445305771,0.324959859,0.0,0.543404148,0.523704873,0.692182527,0.385389372,0.067986596,0.25,0.463544406,0.320557363,0.588423898,0.48655949,0.500170992,0.739724983,0.524169885,0.857142857,0.51148149,0.447128194,0.29006608,0.511013283,0.295642409,0.436384357,0.609516844,0.487426692,0.59548988,0.656014717,0.525104475,0.584394772,0.509288156,0.494329512
20221021-094210-8004,0.507741203,0.756221144,0.564266996,0.589172333,0.363439861,0.554596433,0.47224573,0.367346377,0.55678399,0.409007864,0.46660887,0.642365053,0.313013656,0.574463999,0.605462621,0.376925393,0.288148202,0.493298122,0.6,0.546172872,0.454545455,0.492769821,0.543888853,0.6,0.414214771,0.696387044,0.808899932,0.461586436,0.615199056,0.5,0.456168238,0.749678642,0.420771687,0.54617287,0.566369246,0.397775455,0.493069649,0.761904762,0.537200227,0.491342993,0.658979052,0.55217309,0.395521443,0.542788849,0.413773547,0.275532687,0.485781562,0.390599412,0.329530809,0.627798274,0.55419421,0.394587033
20221021-094129-8003,0.386044275,0.723305946,0.502361321,0.401656357,0.255170742,0.46011933,0.321046123,0.44528051,0.485034283,0.413617973,0.366359051,0.576172874,0.252058349,0.49078796,0.531305862,0.288837232,0.15163818,0.423501569,0.64,0.429774147,0.272727273,0.561176658,0.516037528,0.6,0.514431123,0.547705332,0.501746531,0.316003549,0.169084492,0.541666667,0.436236418,0.680482,0.523906726,0.429774149,0.465832051,0.50039144,0.322806311,0.619047619,0.406498896,0.42196371,0.657261934,0.480702562,0.288780192,0.427223798,0.363247713,0.349235154,0.589626664,0.491321333,0.419690955,0.523496319,0.480179583,0.475396436
20221021-092221-6004,0.24932864,0.6312448,0.390282009,0.319850723,0.079413862,0.388520941,0.328530455,0.575157327,0.384547872,0.54611417,0.331579176,0.46785555,0.180021746,0.395497569,0.404216788,0.202303082,0.148290403,0.338841682,0.52,0.299293804,0.318181818,0.718436646,0.372300632,0.4,0.594799292,0.356259167,0.418229373,0.037816088,0.027924696,0.375,0.356611199,0.614370395,0.608982982,0.299293805,0.403291533,0.620746202,0.247209696,0.476190476,0.337460887,0.340800544,0.622988128,0.373688645,0.18115033,0.363115526,0.309714616,0.536023731,0.656416429,0.695783921,0.443133258,0.41549672,0.37935259,0.657889115
20221021-092059-6003,0.268168192,0.597436914,0.436208819,0.469679464,0.919948963,0.455103498,0.46958839,0.480403347,0.455000158,0.580492206,0.427306205,0.479103277,0.237637516,0.457167541,0.4644633,0.256630753,0.203630141,0.380460952,0.48,0.262835199,0.590909091,0.639933024,0.376011967,0.4,0.524427732,0.331440148,0.456531015,0.246249896,0.049839358,0.333333333,0.414201664,0.609665714,0.536607981,0.262835198,0.441874704,0.545601964,0.350310079,0.714285714,0.403320847,0.406850501,0.568372817,0.447437471,0.254439459,0.416491542,0.378361336,0.537663502,0.585567239,0.667383483,0.769400837,0.422023939,0.444820899,0.651644431
20221021-090524-µËÏþÑô,0.41541482,0.491207022,0.537869911,0.464332089,0.424504897,0.487337387,0.384871558,0.39990354,0.563704117,0.428596955,0.403951744,0.582943794,0.336854326,0.555472974,0.570335735,0.355940328,0.190398329,0.531940706,0.64,0.471088258,0.363636364,0.393014441,0.558151532,0.6,0.485698923,0.591623036,0.564473937,0.248985538,0.289505191,0.541666667,0.497035025,0.445909021,0.511963129,0.471088259,0.504821802,0.527643065,0.381728021,0.714285714,0.454027537,0.490818651,0.417345288,0.563613402,0.361853466,0.479257605,0.544121157,0.329513987,0.57870605,0.466058357,0.398370035,0.587917133,0.561000975,0.426589287
20221021-090418-µËÏþÑô,0.413685108,0.526914548,0.537869911,0.511231532,0.271501777,0.53277762,0.464625443,0.442439423,0.536152443,0.42862315,0.561841054,0.459950468,0.308245604,0.546839034,0.570335735,0.346592568,0.223893153,0.46280733,0.48,0.498545301,0.727272727,0.425964515,0.624803982,0.6,0.448983746,0.585402145,0.856100177,0.339909252,0.250751978,0.375,0.486609742,0.499482155,0.45224566,0.4985453,0.465132058,0.605224122,0.432732295,0.904761905,0.452764312,0.462741582,0.451619095,0.532539664,0.371047276,0.50743486,0.519149921,0.321829109,0.401205661,0.423347924,0.495553586,0.535474016,0.5416656,0.35466819
20221021-090319-Ë³Á¼,0.329213952,0.515423866,0.440441443,0.327836,0.109980307,0.397605278,0.423620331,0.514574212,0.406369361,0.445682227,0.394053809,0.39963044,0.185612538,0.40067461,0.482276534,0.20662742,0.116296194,0.339849102,0.52,0.383048034,0.5,0.607172269,0.591130283,0.8,0.588740513,0.493427113,0.718615137,0.478996286,0.122021867,0.458333333,0.34749558,0.472172233,0.59774606,0.383048033,0.411794861,0.70997921,0.356260666,0.761904762,0.389101042,0.360755676,0.487610019,0.406535486,0.179489141,0.369765541,0.372465205,0.415916515,0.575127882,0.584559068,0.356331404,0.441822613,0.399641518,0.506107776
20221021-090230-Ë³Á¼,0.303019497,0.527807236,0.358544432,0.39875262,0.30015965,0.395638222,0.517302023,0.593729555,0.348271837,0.564451253,0.403403965,0.38210562,0.127011934,0.349943167,0.361276121,0.166119381,0.065578925,0.285128557,0.4,0.324847045,0.727272727,0.614917984,0.478077501,1.0,0.591902234,0.432285003,0.773551582,0.053106568,0.183935257,0.375,0.258020116,0.552735767,0.598713111,0.324847046,0.411278747,0.661536497,0.401948545,0.904761905,0.407868885,0.312973295,0.539020729,0.344033753,0.188121896,0.309696616,0.304598701,0.303500371,0.603647435,0.524106514,0.139731659,0.375607232,0.341253093,0.390435203
20221021-085803-Àî¹ó·¢,0.365311922,0.778652612,0.434895001,0.376095292,0.365981537,0.330760784,0.537766225,0.507356634,0.429773782,0.413041075,0.294932935,0.392598051,0.202398611,0.420968842,0.453253921,0.223996728,0.097700348,0.389581558,0.64,0.355812288,0.636363636,0.625971982,0.495586285,0.6,0.660283395,0.501840038,0.641015907,0.308064047,0.127372703,0.541666667,0.369709808,0.763116916,0.670396536,0.355812289,0.41436932,0.71975244,0.451965935,1.0,0.431315303,0.377814966,0.742946451,0.428936321,0.225459621,0.352660559,0.285750569,0.329651873,0.685911671,0.528752378,0.303774935,0.504440512,0.423990167,0.445528431
20221021-085640-Àî¹ó·¢,0.242638532,0.778652612,0.360319861,0.301630796,0.728587223,0.388824323,0.275642461,0.651724011,0.349867899,0.449313138,0.406089158,0.363333653,0.140020061,0.352890143,0.367380393,0.16835869,0.113215753,0.259808165,0.4,0.238577193,0.545454545,0.681452051,0.504479918,0.8,0.600214239,0.413108161,0.532530621,0.204149328,0.074260059,0.333333333,0.313108089,0.774935545,0.596852934,0.238577194,0.317461445,0.679044138,0.208773332,0.666666667,0.271889723,0.308986033,0.778937375,0.346913016,0.17848523,0.327053051,0.234439348,0.401264389,0.574584879,0.568135771,0.447778544,0.362527753,0.351490267,0.457295858
20221021-085050-×Þ¸ýÃ÷,0.359215431,0.526914548,0.512552286,0.418547109,0.325585936,0.482088924,0.484122376,0.393867529,0.556515873,0.46688655,0.528336567,0.395805067,0.341352271,0.540353106,0.557627608,0.339649654,0.205438879,0.53434239,0.48,0.400794064,0.727272727,0.45498079,0.526752103,0.6,0.503913237,0.491144622,0.603299381,0.365918823,0.099619496,0.375,0.508310528,0.479282509,0.527923849,0.400794064,0.469835901,0.75287498,0.413385973,0.904761905,0.446814986,0.48352969,0.463837707,0.554240753,0.323676184,0.445552701,0.504282159,0.334890504,0.459968763,0.478452047,0.392853506,0.550356409,0.556504524,0.516126783
20221019-223905-19102022ipds02,0.283205557,0.455499495,0.379622331,0.270620111,0.274178829,0.343100762,0.206210481,0.688887594,0.415662692,0.474008188,0.35242156,0.338569812,0.199671048,0.390044465,0.390306541,0.197794993,0.093910815,0.393822566,0.48,0.403446368,0.545454545,0.49423207,0.594675425,0.8,0.64970878,0.416832408,0.447471534,0.451323027,0.083963816,0.416666667,0.39961516,0.421438068,0.668810895,0.403446368,0.289244339,0.765158333,0.187363749,0.761904762,0.247004322,0.356221617,0.459443805,0.420079485,0.202711899,0.372787089,0.394242174,0.30997597,0.668444257,0.5231957,0.466895239,0.299267148,0.425960976,0.261814412
20221019-223448-19102022ipds01,0.151428204,0.488414693,0.248247651,0.250508665,0.156432335,0.260688097,0.41473218,0.963452829,0.221309254,0.518751485,0.272296351,0.270491962,0.063074658,0.214247502,0.234179241,0.078211332,0.050382552,0.163846481,0.36,0.246163109,0.772727273,0.765717908,0.439581657,1.0,0.742251144,0.354348806,0.724983845,0.195248052,0.013643608,0.333333333,0.19574608,0.516009138,0.731278982,0.24616311,0.245618977,0.792632341,0.24580829,0.904761905,0.245478229,0.198623422,0.554440514,0.216177217,0.084074268,0.227453156,0.196564234,0.46593446,0.705500171,0.689241575,0.212132859,0.270178455,0.224745557,0.46601123
20221018-224023-1812022ipds05,0.496681552,0.402830893,0.600528368,0.555758908,0.248515536,0.574784432,0.670523479,0.312537218,0.592622078,0.509208107,0.593445452,0.507690153,0.380478827,0.585282144,0.641167149,0.389140022,0.217589699,0.550973339,0.52,0.469038011,0.681818182,0.415086234,0.492192493,0.4,0.404591197,0.414721963,0.578450399,0.133068771,0.142675739,0.375,0.500008431,0.355447661,0.436454506,0.46903801,0.622526898,0.591092429,0.615893452,0.857142857,0.621216922,0.529405842,0.302277837,0.585210883,0.362663792,0.502800388,0.643435043,0.408721788,0.42765576,0.511682855,0.333919283,0.614677061,0.576234642,0.614782412
20221018-223212-18102022ipds02,0.29204692,0.400152828,0.456193053,0.393640407,0.208036389,0.439871867,0.63392253,0.48230489,0.43544232,0.644431369,0.499176542,0.344152309,0.221399763,0.428540797,0.474462754,0.230647874,0.22423454,0.376710799,0.44,0.346872559,0.863636364,0.601641834,0.442688181,0.4,0.550074629,0.324772886,0.467994353,0.15955765,0.024016676,0.291666667,0.418046765,0.369102622,0.556799172,0.346872558,0.432492792,0.759467077,0.471559588,0.952380952,0.449350501,0.384251264,0.369365386,0.426027119,0.191988848,0.412295146,0.465789792,0.511965641,0.475863302,0.662663579,0.568747879,0.371433818,0.427906392,0.698481743
20221018-222923-18102022ipds01,0.369111344,0.506268456,0.567824957,0.547017024,0.203166684,0.649079804,0.507964225,0.329437118,0.594236581,0.580848109,0.656755085,0.581660437,0.390411622,0.601146531,0.628388769,0.40739436,0.582332617,0.536124025,0.44,0.455766727,0.5,0.525548388,0.387690121,0.4,0.32860658,0.48570486,0.343789268,0.275558676,0.140287542,0.291666667,0.532889623,0.475609846,0.363536442,0.455766729,0.606755181,0.507653306,0.434763012,0.571428571,0.534543043,0.527807471,0.417345288,0.579287679,0.356258779,0.579406675,0.567911005,0.550111339,0.368690484,0.669134215,0.568184774,0.553962239,0.580225519,0.665135467
20221016-223349-161022ipds01,0.151075075,0.759013472,0.289302682,0.250498441,0.723437592,0.442325444,0.296222037,0.640573348,0.312611423,0.793159532,0.509196247,0.335401542,0.124529119,0.30505486,0.350066741,0.133745406,0.084038872,0.273173615,0.24,0.284968107,0.5,0.807638676,0.338104307,0.6,0.548464029,0.257963226,0.509256734,0.216998435,0.013612679,0.125,0.280685676,0.773095541,0.569299037,0.284968109,0.340517409,0.779599444,0.168297708,0.380952381,0.267227355,0.275936716,0.794360588,0.304730332,0.105368204,0.289876205,0.195690856,0.615343875,0.504165821,0.763852156,0.616949777,0.239161645,0.311652286,0.770789897
20221014-225152-141022ipds,0.840603927,0.703666806,0.791976479,0.667470988,0.473141524,0.746277581,0.782109944,0.210528012,0.690818998,0.557697937,0.773036803,0.631201427,0.476868732,0.686751412,0.846253522,0.512914683,0.755909774,0.624330025,0.56,0.572682895,0.590909091,0.45805711,0.529623422,0.2,0.237849571,0.497820463,0.601414618,0.652114363,0.68046351,0.375,0.513102392,0.605989379,0.28398894,0.572682894,0.840890287,0.474153891,0.891132088,0.761904762,0.865859145,0.635129293,0.49863933,0.679255124,0.478170649,0.698451419,0.547122265,0.426659029,0.280163231,0.466057433,0.085309637,0.677895932,0.661712504,0.558560273
20221014-224646-141022ipds,0.248238154,0.463647952,0.422232638,0.46966924,0.176215554,0.479811004,0.652505203,0.473446742,0.434749683,0.716008302,0.499727185,0.431185873,0.241218646,0.469574875,0.443246661,0.2683036,0.229295378,0.421244348,0.4,0.364189013,0.727272727,0.670193692,0.298976453,0.4,0.503025779,0.330988726,0.377174768,0.063196472,0.034685822,0.25,0.387962663,0.479282509,0.513426004,0.364189012,0.501756837,0.653911145,0.457892521,0.761904762,0.482961126,0.390031431,0.446700803,0.420285535,0.212772207,0.438891909,0.445041192,0.551100773,0.478485422,0.707332796,0.621585576,0.39644926,0.423152975,0.740269955
20221012-224916-12102022ipds02,0.316063859,0.812574763,0.537862809,0.506109095,0.995063371,0.723622591,0.508262326,0.338365431,0.516483071,0.941328531,0.74400946,0.622370879,0.299306175,0.532796681,0.599358349,0.331646564,0.493883538,0.446136315,0.36,0.461234054,0.363636364,0.801364315,0.256758018,0.2,0.258243938,0.215482999,0.312623247,0.165822733,0.208096067,0.166666667,0.395014121,0.791458855,0.302018706,0.461234052,0.649573165,0.48146791,0.40373071,0.285714286,0.545554472,0.470438163,0.725812975,0.500128959,0.225644721,0.574211014,0.348762625,0.760584553,0.300665108,0.891794014,0.873381313,0.194531159,0.49695948,0.884049198
20221012-224640-12102022ipds01,0.330048056,0.381292113,0.516103145,0.571913501,0.326077552,0.576297117,0.915441573,0.377962061,0.478699947,0.875242279,0.641698675,0.442894838,0.261870801,0.507808202,0.548619513,0.305838166,0.396774473,0.410070168,0.4,0.469151914,0.909090909,0.709870446,0.200776622,0.0,0.410098528,0.245119797,0.394179025,0.325542113,0.202516866,0.166666667,0.384977769,0.382757582,0.398674148,0.469151913,0.582813529,0.637214656,0.677560617,0.857142857,0.622990906,0.428667683,0.322348578,0.464276471,0.228867515,0.540754808,0.553977615,0.719277761,0.274338623,0.850502858,0.822289949,0.259486169,0.469553748,0.853317096
20221006-223841-06102022ipds01,0.298585686,0.588281504,0.429561611,0.48632483,0.78688598,0.454066398,0.624109517,0.496541887,0.416325385,0.845412643,0.461583849,0.428431877,0.201626252,0.425201453,0.459350387,0.227703199,0.179222416,0.349860879,0.44,0.311012757,0.772727273,0.729704865,0.289760722,0.0,0.528931303,0.21554274,0.396403643,0.152411999,0.07557859,0.208333333,0.352302652,0.609665714,0.535073001,0.311012758,0.461801437,0.603665073,0.469007768,0.761904762,0.465158127,0.372085845,0.562793041,0.407690095,0.195975213,0.408611492,0.352221369,0.631577955,0.537854369,0.766948694,0.881303954,0.249845584,0.408235948,0.809399002
20221005-233217-5oct okt7 test2,0.328460702,0.298386377,0.534773562,0.568774603,0.253452123,0.60609236,0.770101086,0.367904962,0.532251316,0.773235075,0.669936157,0.468539158,0.316033167,0.534348749,0.563037149,0.333282845,0.434333661,0.468742848,0.4,0.532995965,0.818181818,0.524953586,0.286609196,0.2,0.380070996,0.347573506,0.147325208,0.609630113,0.12831608,0.208333333,0.473122393,0.286702757,0.400604178,0.532995965,0.565695356,0.586854801,0.581822398,0.80952381,0.572716324,0.476114537,0.23376107,0.516807077,0.275800993,0.582272075,0.669437971,0.640523722,0.356534637,0.773292896,0.802675932,0.353988949,0.525641626,0.768230277
20221005-233109-5oct okt7 test1,0.417820384,0.36533799,0.564494251,0.444762538,0.199154085,0.602942373,0.43498372,0.334804998,0.535802099,0.76481005,0.597074806,0.564475014,0.312153459,0.526710975,0.605470427,0.325268216,0.303254655,0.461445451,0.48,0.430311117,0.363636364,0.583551358,0.286821055,0.0,0.37280488,0.188685421,0.234552818,0.466590136,0.192352371,0.25,0.470231978,0.295649364,0.406434503,0.430311116,0.589643452,0.518782981,0.41583162,0.380952381,0.517152154,0.485220571,0.28368087,0.527532824,0.249238779,0.503187255,0.605597054,0.616519623,0.427842247,0.746298244,0.741401308,0.363070297,0.512886947,0.892942474
20221005-230647-5oct okt2 test2,0.36584127,0.260893474,0.425868718,0.390879812,0.156639674,0.485378993,0.376735519,0.50996386,0.360525882,0.796676736,0.413622464,0.564985464,0.168118376,0.385629007,0.439335868,0.194179939,0.08226352,0.334375007,0.48,0.37938037,0.272727273,0.675454417,0.329337008,0.2,0.48855819,0.402851407,0.693821997,0.126851605,0.037980745,0.291666667,0.295883009,0.24055942,0.511238361,0.379380368,0.512904342,0.532052544,0.347239189,0.333333333,0.443666255,0.332156806,0.250332456,0.35597098,0.166265908,0.367919021,0.492548551,0.575042559,0.569455056,0.734338505,0.383505509,0.311837471,0.332953828,0.64889354
20221005-230454-5oct okt2 test1,0.223642802,0.366230678,0.395835553,0.398762844,0.165880229,0.416056284,0.666996158,0.514517235,0.404242969,0.72165231,0.459803745,0.347375179,0.192493651,0.39382241,0.439343674,0.200913112,0.187305589,0.345379542,0.4,0.344936215,0.863636364,0.683688472,0.325190338,0.4,0.573574903,0.297872142,0.486846586,0.240718906,0.039862392,0.25,0.376785718,0.36726629,0.593250085,0.344936213,0.41747757,0.759890206,0.452866578,0.904761905,0.432232545,0.357336333,0.365934578,0.39457523,0.164184973,0.392225551,0.434851788,0.653243269,0.552737418,0.786928501,0.653826112,0.321327813,0.398100181,0.757243458
20221005-230241-5 oct okt1 test2,0.506963765,0.634929817,0.628864222,0.6013394,0.192238648,0.632603627,0.544240257,0.285863134,0.646780752,0.50132743,0.538596898,0.712244555,0.453167496,0.649235626,0.672320794,0.465213231,0.324369225,0.608598641,0.6,0.55629068,0.363636364,0.530829247,0.38626883,0.2,0.333445992,0.520552268,0.497728696,0.091410861,0.199397959,0.416666667,0.559961002,0.595889556,0.37221234,0.556290677,0.682144365,0.398202717,0.539573151,0.571428571,0.623305635,0.576410547,0.511382331,0.638711664,0.411316559,0.573832644,0.533871464,0.523308852,0.45654415,0.634204048,0.455343858,0.686985627,0.636101271,0.656703914
20221005-230041-5 oct okt1 test 1,0.461905571,0.688491107,0.61975982,0.595900005,0.193231201,0.645861289,0.605170744,0.321788982,0.615102238,0.540088456,0.670211389,0.555587311,0.411237367,0.615105705,0.652306275,0.423792878,0.34743473,0.562699241,0.48,0.527518875,0.636363636,0.551294795,0.426528296,0.2,0.334300404,0.524987862,0.41362964,0.011087327,0.154167412,0.291666667,0.562793241,0.653733996,0.3535206,0.527518876,0.610268029,0.523929671,0.552793558,0.714285714,0.587223829,0.546755976,0.567186943,0.607829216,0.375115893,0.568780943,0.484652234,0.515289883,0.319199418,0.627335811,0.61114897,0.594419311,0.607217983,0.638329625
20221001-225524-1oct okt4 test2,0.487364052,0.49404577,0.569330521,0.441040847,0.307573631,0.586213482,0.446120102,0.334848981,0.504966025,0.703290866,0.554587876,0.587675173,0.276088966,0.485836148,0.603269142,0.283978958,0.175648966,0.438707617,0.52,0.477743426,0.318181818,0.612667367,0.392484573,0.2,0.386696405,0.310983431,0.569429874,0.231183171,0.109397563,0.333333333,0.424749925,0.424192565,0.415845171,0.477743425,0.607772871,0.514698763,0.464033081,0.428571429,0.548530171,0.456222595,0.404886759,0.500904262,0.24074934,0.471510647,0.469081071,0.565771973,0.438635457,0.694297049,0.367461345,0.418760329,0.496670985,0.755749122
20221001-225157-1oct okt3 test1,0.408500811,0.527807236,0.57515393,0.506119319,0.143016454,0.594787085,0.555049227,0.322162471,0.590594619,0.618933176,0.611181463,0.526629677,0.382023901,0.566716776,0.634493041,0.368294329,0.357239188,0.538339818,0.48,0.490601406,0.545454545,0.565820629,0.367818275,0.2,0.384034391,0.357896216,0.410852531,0.24607328,0.121167711,0.291666667,0.537681252,0.479282509,0.426006604,0.490601407,0.586894532,0.591444693,0.488662847,0.619047619,0.546249806,0.522663352,0.434482191,0.582935042,0.298598399,0.530240222,0.527884262,0.597254915,0.425944934,0.72380196,0.699635659,0.524214146,0.578856713,0.760872685
20220930-234233-300922ipds5,0.378942989,0.487632698,0.619979973,0.629456572,0.147471712,0.716120028,0.484528991,0.297553696,0.641174992,0.492359316,0.730376615,0.625121674,0.434329394,0.66725241,0.659604862,0.487837749,0.567870488,0.540484564,0.44,0.58080578,0.545454545,0.383794656,0.527284067,0.6,0.264399975,0.491591773,0.281344186,0.326094717,0.289952801,0.333333333,0.595753094,0.459082863,0.273115222,0.580805777,0.608011929,0.377804777,0.425263959,0.666666667,0.531339568,0.55979322,0.374287105,0.628805359,0.467823079,0.644723541,0.664607393,0.412484791,0.267267552,0.455401801,0.666913737,0.570672587,0.636668295,0.633748668
20220930-225149-300922ipds1,0.296374309,0.506268456,0.364964385,0.330197843,0.32002638,0.343352482,0.49611502,0.632619584,0.331211786,0.731092976,0.370399013,0.313743712,0.13326601,0.315525202,0.385193627,0.141005536,0.135349039,0.24761305,0.44,0.333028508,0.818181818,0.739555906,0.41523199,0.0,0.650956477,0.261822737,0.401928607,0.230172182,0.012881669,0.208333333,0.308212093,0.502636972,0.638126549,0.333028508,0.327343115,0.751318484,0.384216789,0.80952381,0.352129787,0.289955011,0.515248417,0.320235282,0.111926984,0.347072769,0.293097386,0.601240884,0.580779477,0.747035068,0.701339914,0.249845584,0.327984669,0.77138772
20220929-230559-290922ipds5,0.327105542,0.489421645,0.578924942,0.424968049,0.241912733,0.606530731,0.584222595,0.378418863,0.526273576,0.490058017,0.73671152,0.375233341,0.318949351,0.553229613,0.623283661,0.35349991,0.524507516,0.404296855,0.4,0.531661677,0.818181818,0.524666152,0.62076123,0.6,0.392047805,0.390274557,0.428772372,0.302833102,0.065071045,0.291666667,0.514788054,0.408701273,0.382592911,0.531661678,0.487151829,0.710072207,0.459778419,0.904761905,0.476066648,0.451016052,0.39581791,0.513777918,0.295815261,0.574571213,0.561354545,0.458675936,0.206258617,0.535449207,0.6975817,0.412617064,0.534923988,0.668005447
20220929-230031-220922ipds4,0.289134812,0.536851953,0.412041673,0.39875262,0.80229868,0.460004846,0.568128879,0.503181563,0.381423532,0.91559964,0.48431418,0.409398877,0.171478334,0.364476781,0.453246115,0.177299063,0.242360239,0.257757488,0.4,0.294740953,0.636363636,0.793913464,0.351266179,0.2,0.524469053,0.150015809,0.336207748,0.401022224,0.033485495,0.208333333,0.315668096,0.534372452,0.539497974,0.294740954,0.447315711,0.628021466,0.426928968,0.619047619,0.438987136,0.347205559,0.521883826,0.368294755,0.144387232,0.406448299,0.320385661,0.714335129,0.542917649,0.846106848,0.656701374,0.158581373,0.358177953,0.90046222
20220929-225614-290922lpds3,0.180453222,0.904521644,0.152601714,0.051132355,0.728587223,0.059809546,0.140325778,0.767844924,0.129356524,0.992544752,0.007843475,0.202176029,0.02211322,0.088308842,0.144925726,0.02325023,0.007163697,0.060968298,0.6,0.090266207,0.318181818,0.911032001,0.3702762,0.2,0.974648291,0.060166746,0.47785722,0.042478527,0.001188626,0.25,0.122142592,0.921838388,0.96714013,0.090266205,0.091714682,0.888615852,0.083902133,0.333333333,0.08899275,0.110820519,1.0,0.128326271,0.02107806,0.094853055,0.031455011,0.72683758,0.796629233,0.820069125,0.527132937,0.0114435,0.128889362,0.969940144
20220929-225423-290922ipds2,0.158642131,0.57768351,0.293947206,0.265180717,0.684455399,0.395841758,0.268039013,0.706894459,0.287023258,0.719715162,0.394591164,0.394994526,0.10784416,0.294966879,0.311036868,0.126917996,0.099013681,0.227084953,0.32,0.301972143,0.363636364,0.814637514,0.343319877,0.6,0.590865035,0.269777719,0.550771254,0.125223987,0.008225256,0.208333333,0.271777064,0.589462396,0.60212468,0.301972142,0.331353739,0.682674079,0.154368665,0.333333333,0.256150124,0.251374157,0.618069836,0.275145271,0.109356923,0.311716018,0.237654422,0.620676658,0.602492221,0.766401763,0.507335503,0.255646629,0.280428208,0.746094304
20220928-185856-280922 okt4,0.305879085,0.708244511,0.507914865,0.598149379,0.293004407,0.606680228,0.548916951,0.408313937,0.46977782,0.870180879,0.52219956,0.678397711,0.261032222,0.514707198,0.52741068,0.312862684,0.476833463,0.41956262,0.48,0.561644103,0.409090909,0.736073346,0.27385136,0.2,0.360631997,0.438679828,0.30243548,0.563446734,0.170122292,0.291666667,0.39164398,0.732699921,0.366799993,0.561644101,0.579008426,0.351208879,0.424253888,0.476190476,0.513616972,0.418912466,0.640125031,0.449686644,0.24880382,0.58785773,0.376259939,0.690320001,0.428680797,0.819302003,0.863713571,0.280353238,0.458130738,0.742023983
20220928-052106-053,0.358922424,0.366230678,0.557165278,0.57479679,0.17762867,0.669408042,0.563070516,0.337483732,0.566719467,0.664039353,0.703801803,0.559936623,0.363627654,0.576221687,0.595463168,0.378897108,0.373870724,0.530996181,0.4,0.482667274,0.590909091,0.519613297,0.289725628,0.2,0.312849271,0.451422919,0.345253241,0.188424598,0.168112551,0.208333333,0.513919385,0.347066644,0.334450587,0.482667275,0.598508589,0.531929179,0.464710393,0.571428571,0.542365839,0.503721369,0.288074772,0.555116593,0.30954961,0.545119965,0.652980689,0.623084856,0.287506537,0.755982304,0.738498638,0.496636229,0.554724806,0.717623057
20220928-051619-051,0.195301238,0.478712958,0.367428681,0.246960789,0.150196895,0.444838218,0.271411671,0.587709881,0.375687169,0.719798413,0.524248361,0.319676462,0.170426993,0.335939915,0.39911168,0.155670586,0.24750363,0.302306871,0.32,0.344522911,0.545454545,0.688523687,0.403522897,0.4,0.547516689,0.179879937,0.18118799,0.570135197,0.042462488,0.166666667,0.366770036,0.44312147,0.567256125,0.34452291,0.300572583,0.791124676,0.178148232,0.476190476,0.248842397,0.321950142,0.487610019,0.367377714,0.120956923,0.391770301,0.326984969,0.654863934,0.49209167,0.788299513,0.715968118,0.234245363,0.382975695,0.841587125
20220927-151037-044,0.309838832,0.535063006,0.465751965,0.399406983,0.139047965,0.582003929,0.278929056,0.460801013,0.433899391,0.775994809,0.512669812,0.63759749,0.221951014,0.45606706,0.477171427,0.25560743,0.250685213,0.364065013,0.44,0.471303046,0.181818182,0.735335249,0.325085794,0.2,0.387263236,0.356745836,0.342877392,0.492892354,0.057546902,0.25,0.390546187,0.504991149,0.405040327,0.471303047,0.513036179,0.445616991,0.250475034,0.19047619,0.402383334,0.388921267,0.494245428,0.42124205,0.208681931,0.484701416,0.40493344,0.639992787,0.447683874,0.775153449,0.467679515,0.306462114,0.423723925,0.748314162
20220927-150659-042,0.320613077,0.298386377,0.422232638,0.380532693,0.103026751,0.477607598,0.463599552,0.483731987,0.396429194,0.871562233,0.499727185,0.426341423,0.180825756,0.388675742,0.447149648,0.196671013,0.142011598,0.333315745,0.4,0.395993882,0.545454545,0.730660223,0.216535507,0.2,0.505606867,0.170970723,0.343437751,0.053984665,0.090029146,0.125,0.329517276,0.277286049,0.530287207,0.395993882,0.459200545,0.67879519,0.377275658,0.428571429,0.425118565,0.356408167,0.288074772,0.387475778,0.141403416,0.394451571,0.477002211,0.758039496,0.510990735,0.871645114,0.783968451,0.227158907,0.385765767,0.889957929
20220927-033142-035,0.141484608,0.225185947,0.208094538,0.179592045,0.296305078,0.200472368,0.382738701,0.767844924,0.15192915,0.977300488,0.206896632,0.230428109,0.033107508,0.13441559,0.18275348,0.040397391,0.023942901,0.107008625,0.36,0.177736917,0.727272727,0.867058806,0.319032181,0.2,0.810848638,0.165873858,0.460624883,0.154646134,0.003708056,0.166666667,0.120159227,0.24055942,0.800784014,0.177736918,0.200571658,0.86210952,0.219085974,0.666666667,0.208241132,0.135766522,0.321159277,0.143952827,0.029830908,0.170264753,0.203045379,0.790942616,0.773702063,0.835603606,0.617759616,0.048979183,0.15297308,0.791896298
20220927-032544-034,0.218406675,0.515423866,0.32525868,0.315372425,0.690074337,0.421907945,0.47151981,0.663177098,0.258956935,0.9944325,0.449839892,0.374307146,0.080374259,0.249656973,0.34785765,0.098281187,0.066408848,0.169016236,0.32,0.279367352,0.545454545,0.86018768,0.343306344,0.4,0.565527966,0.166409631,0.473712518,0.165322677,0.022367854,0.166666667,0.195726421,0.527262177,0.575098016,0.279367351,0.386277442,0.690903891,0.322277478,0.476190476,0.359122392,0.241550669,0.543198706,0.252396994,0.077438257,0.295851786,0.219520346,0.738157357,0.551961782,0.841608889,0.580403416,0.035190224,0.242379635,0.854036331
20220923-132441-023,0.532436758,0.67968206,0.669706202,0.713480906,0.170166255,0.681469643,0.971113507,0.263231009,0.606550217,0.92336232,0.679607904,0.620611044,0.397301987,0.617806426,0.716455775,0.427001905,0.845243996,0.479560789,0.52,0.673984639,0.681818182,0.706729388,0.337016843,0.0,0.295406784,0.290314682,0.682362553,0.561890616,0.180483845,0.291666667,0.533300012,0.661079322,0.314122237,0.673984639,0.755296779,0.413910222,0.833012169,0.761904762,0.789455841,0.53751667,0.534626827,0.589127854,0.332950139,0.731788803,0.484283265,0.647993019,0.324677667,0.779605625,0.700705291,0.239186685,0.576968304,0.847878832
20220922-011030-019,0.487604539,0.753543079,0.740041616,0.759173866,1.0,0.848382791,0.80762565,0.236259599,0.704382002,0.667611357,0.899854499,0.676657899,0.526344842,0.7385233,0.797224195,0.582478229,0.993437679,0.543943795,0.44,0.521921375,0.636363636,0.615703312,0.382832179,0.2,0.148664796,0.440940934,0.253823058,0.362357165,0.311974383,0.25,0.635379289,0.717087431,0.168004988,0.521921374,0.779192998,0.328989782,0.69998027,0.666666667,0.74659918,0.633183563,0.571577418,0.684938336,0.519821206,0.742191082,0.553210074,0.615591925,0.146888184,0.724992659,0.836648112,0.545615412,0.677274641,0.756724397
20220922-010847-018,0.682571998,0.426704945,0.622636016,0.608363581,0.071811029,0.504608874,0.891818622,0.318374271,0.564007283,0.541853916,0.493693021,0.494225622,0.336625831,0.558073819,0.659612668,0.358779813,0.224084309,0.505062873,0.64,0.510801224,0.818181818,0.464405206,0.440144331,0.2,0.473490068,0.477849689,0.536108298,0.303946729,0.177264794,0.375,0.445482472,0.387465936,0.488817725,0.510801224,0.643318006,0.587735321,0.869667181,1.0,0.741965032,0.500440816,0.314523868,0.556391287,0.339697716,0.504558242,0.599558909,0.496050668,0.488140506,0.60837319,0.347484329,0.583710332,0.551683599,0.592982592
20220922-010639-017,0.323492013,0.757228096,0.491701643,0.501007106,0.728587223,0.544393391,0.453691121,0.424198445,0.492158064,0.451116704,0.549300132,0.503193673,0.267638241,0.508985042,0.523499887,0.307030976,0.237498635,0.395803344,0.44,0.387656209,0.590909091,0.644570643,0.42139026,0.4,0.433901175,0.456700096,0.404921918,0.441018655,0.096670688,0.291666667,0.437199633,0.75657223,0.451966235,0.38765621,0.485597705,0.518201938,0.372507216,0.666666667,0.43828619,0.431469354,0.694966549,0.48386317,0.309940163,0.476456819,0.359481705,0.515234476,0.477205758,0.631183281,0.670747718,0.520583276,0.487586409,0.584520626
20220922-010531-016,0.220189598,0.207332184,0.399386412,0.449884975,0.184503551,0.472495398,0.511396753,0.510270255,0.401980507,0.702289934,0.46517413,0.463881669,0.19514957,0.433297036,0.41813484,0.2348731,0.246938438,0.330723327,0.4,0.374170138,0.590909091,0.645048763,0.294511501,0.4,0.507784697,0.326550862,0.452462019,0.147429333,0.042197007,0.25,0.36306245,0.220359774,0.508086151,0.374170137,0.451376558,0.55668714,0.349338247,0.619047619,0.4079434,0.358635429,0.211702449,0.38763492,0.200945668,0.444212027,0.600878354,0.591909467,0.515680403,0.733992899,0.577023688,0.326252441,0.393101082,0.761776171
20220922-010323-015,0.216724646,0.419791968,0.360319861,0.352742702,0.227617999,0.395436787,0.54255767,0.595181966,0.376556068,0.645811418,0.454834901,0.309055495,0.17052606,0.363925777,0.379089355,0.176868989,0.123390964,0.333076429,0.36,0.28915647,0.909090909,0.652111259,0.362393749,0.4,0.597549135,0.304263627,0.469060458,0.230076711,0.023607988,0.208333333,0.370593312,0.424192565,0.612857956,0.28915647,0.354798441,0.788873243,0.367624464,0.904761905,0.360184647,0.327802823,0.434485619,0.370039559,0.158693071,0.330739856,0.37345944,0.579199858,0.559220435,0.729566118,0.642375714,0.32028446,0.376590715,0.671423289
20220915-014848-007,0.418003513,0.598329602,0.5733785,0.506119319,0.39633355,0.602859534,0.555049851,0.331321645,0.552674154,0.726883556,0.60883192,0.547694864,0.336079091,0.559506766,0.619372868,0.360348909,0.390953908,0.463017888,0.48,0.45852968,0.5,0.667439567,0.32830975,0.0,0.374459918,0.332711585,0.30411423,0.281788664,0.141325094,0.25,0.50098342,0.552735767,0.402900346,0.458529679,0.599444996,0.539630312,0.494257082,0.523809524,0.555901972,0.492769664,0.503029805,0.540773395,0.292441503,0.541307125,0.476760987,0.655706546,0.401472406,0.789389758,0.71212507,0.407358563,0.538373156,0.788639097
20220817-014237-ÄÐ27,0.272353223,0.546553688,0.427786181,0.360738204,0.361126883,0.500166548,0.46041461,0.48987302,0.35129694,0.985547841,0.508126466,0.464082329,0.144563377,0.354917391,0.44544014,0.169907276,0.252765516,0.267618556,0.4,0.382081489,0.409090909,0.811326083,0.317777329,0.2,0.480243623,0.237367775,0.471464141,0.288635331,0.058658263,0.208333333,0.274067911,0.522553823,0.487009937,0.382081488,0.466974804,0.633045364,0.346789681,0.380952381,0.416282335,0.318994149,0.523597516,0.335695856,0.115880266,0.434500457,0.309332356,0.725552646,0.444197414,0.839212542,0.821107347,0.069879639,0.335313944,0.828169103
20220817-014050-ÄÐ26,0.251710017,0.760798849,0.424696934,0.389192782,0.617219086,0.555084007,0.405492918,0.52025875,0.36926216,0.900413094,0.559689596,0.512031012,0.159180341,0.372014449,0.445947528,0.183231695,0.209177724,0.24711957,0.36,0.371631737,0.363636364,0.851077632,0.368560314,0.4,0.422864046,0.247582533,0.479026866,0.258010779,0.03456129,0.208333333,0.307113126,0.754732226,0.435299323,0.371631736,0.462098318,0.531380101,0.298813178,0.333333333,0.393039253,0.338579495,0.730731266,0.3563296,0.138891835,0.429702088,0.251088799,0.739544521,0.434138346,0.861945138,0.634134235,0.175475352,0.354594909,0.825363353
20220817-013920-ÄÐ25,0.061245475,0.635822505,0.115317695,0.10226471,0.877893104,0.099218268,0.212045903,0.767844924,0.12435114,0.793236326,0.055785573,0.221138877,0.022748589,0.103754686,0.117097426,0.028611868,0.010464069,0.085648172,0.36,0.144480604,0.454545455,0.90272477,0.330802675,0.6,0.927792351,0.137599538,0.506223693,0.051860357,0.000635183,0.25,0.114121362,0.683118972,0.925300266,0.144480605,0.120214131,0.851339968,0.060511869,0.476190476,0.094427795,0.107249638,0.760083354,0.119133025,0.028403458,0.112332348,0.069287071,0.772883798,0.989231063,0.82937537,0.524893642,0.116287999,0.127055734,0.765911066
20220817-013250-ÄÐ24,0.354944018,0.528699925,0.50591218,0.506119319,0.397926192,0.579706854,0.67977958,0.39170424,0.477517842,0.643050451,0.626285671,0.472150745,0.256148122,0.484171521,0.535224461,0.282354674,0.2348094,0.410036621,0.4,0.456765816,0.681818182,0.638879461,0.44831369,0.6,0.403679419,0.507248217,0.730945757,0.180609256,0.113160951,0.291666667,0.406221096,0.516009138,0.431166271,0.456765815,0.570409442,0.616149482,0.538496366,0.761904762,0.557358767,0.42982699,0.468755998,0.471699385,0.247785823,0.477861352,0.435398664,0.540412839,0.397086553,0.682723562,0.315734533,0.444927633,0.455188774,0.600812727
20220816-211654-ÄÐ12,0.402405702,0.506268456,0.574465063,0.556576862,0.379814809,0.634016215,0.564189954,0.336732824,0.550084388,0.635023308,0.610269841,0.614166552,0.342150808,0.56523767,0.605470427,0.366657507,0.40581824,0.488805572,0.48,0.493110518,0.454545455,0.586371463,0.424014891,0.4,0.339310136,0.510383643,0.606430588,0.1435772,0.10028052,0.333333333,0.508691081,0.475609846,0.362675038,0.493110518,0.625427645,0.469198044,0.491037305,0.571428571,0.569322903,0.49059997,0.414140687,0.538894245,0.300164852,0.557850657,0.533685436,0.53869041,0.37409164,0.670885412,0.51887851,0.520591623,0.532843746,0.670313991
20220816-211309-ÄÐ11,0.0,0.512792221,0.0,0.022677777,0.737196919,0.0,0.177047714,0.767844924,0.0,1.0,0.191562428,0.110754785,0.000971998,0.0,0.0,0.0,0.000128544,0.039481862,0.08,0.028176256,0.863636364,0.94369869,0.316556908,0.8,0.799122286,0.125773509,0.680629066,0.407981047,0.0,0.083333333,0.0,0.587626064,0.801156274,0.028176256,0.0,0.982638323,0.001630431,0.714285714,0.0,0.0,0.69764676,0.0,0.0,0.0,0.0,0.793806036,0.796629233,0.798874139,0.542280779,0.0,0.0,0.603021814
20220812-113541-ÄÐ1,0.285838478,0.689383795,0.470403591,0.352752927,0.662959666,0.569445048,0.321182077,0.440540321,0.44661216,0.739661712,0.572581823,0.525404957,0.230886071,0.440559738,0.496194587,0.241395489,0.302853235,0.362640912,0.4,0.348190575,0.272727273,0.747587111,0.377326265,0.4,0.407972342,0.288101545,0.427766457,0.27940322,0.037092776,0.25,0.408032791,0.644552339,0.441544148,0.348190575,0.492761019,0.580452753,0.263908195,0.285714286,0.396203943,0.404623645,0.640125031,0.433354912,0.192776077,0.465354403,0.329283676,0.638987914,0.444923803,0.773219583,0.605013618,0.341118141,0.430237302,0.777653442
